feature,importance
AC_CLEAN,0.0005013435643171915
DC_CLEAN,0.0005004674616324589
DAILY_YIELD_CLEAN,-0.0007499405991916452
TOTAL_YIELD_CLEAN,-0.00028088131060099997
AMBIENT_TEMPERATURE,0.0014700001090353076
MODULE_TEMPERATURE,0.0010118463950772316
IRRADIATION_CLEAN,0.009772077158549775
DC/IRRA,9.861866524907281e-05
AC/IRRA,0.0
