feature,importance
DC_CLEAN,0.0009631804037889546
IRRADIATION_CLEAN,0.011561434450566677
AC/IRRA,0.001553159219303435
