feature,importance
DAILY_YIELD_CLEAN,0.0011778066373199225
AMBIENT_TEMPERATURE,0.0011778066373199225
IRRADIATION_CLEAN,0.03962688845834783
