plant,version,precision,recall,f1
plant1,nofs,0.9882075471698113,1.0,0.9940688018979834
