plant,version,precision,recall,f1
plant2,fs,0.9985358711566618,0.985244040862656,0.9918454266867501
