plant,version,precision,recall,f1
plant2,nofs,0.9807090452003489,0.9862243318542978,0.983458956087773
