feature,importance
AC_CLEAN,-0.0005428498127911796
DC_CLEAN,0.0
DAILY_YIELD_CLEAN,-0.003812685947715444
TOTAL_YIELD_CLEAN,-0.005962050480692649
AMBIENT_TEMPERATURE,-0.006797722544034879
MODULE_TEMPERATURE,-0.004907508039125652
IRRADIATION_CLEAN,-0.0005428498127911796
DC/IRRA,0.0
AC/IRRA,0.0
