feature,importance
AC_CLEAN,0.0
DC_CLEAN,0.0
DAILY_YIELD_CLEAN,0.0011020841854398888
TOTAL_YIELD_CLEAN,-0.0011045677554352151
AMBIENT_TEMPERATURE,-0.0015142988693916948
MODULE_TEMPERATURE,-0.0011045677554352151
IRRADIATION_CLEAN,0.011813004010149952
DC/IRRA,0.0
AC/IRRA,0.0
