feature,importance
TOTAL_YIELD_CLEAN,0.0005775492273503158
AMBIENT_TEMPERATURE,-0.007332761578044522
IRRADIATION_CLEAN,0.026620898185783726
