feature,importance
AC_CLEAN,0.000539224416574613
DC_CLEAN,0.0
DAILY_YIELD_CLEAN,-0.0037091002140247076
TOTAL_YIELD_CLEAN,0.0016158798204003455
AMBIENT_TEMPERATURE,-0.0005398235548151886
MODULE_TEMPERATURE,-0.0010802472469898516
IRRADIATION_CLEAN,0.001440961272685004
DC/IRRA,0.0
AC/IRRA,0.0
