feature,importance
DC_CLEAN,0.002813425277364945
IRRADIATION_CLEAN,0.02517730905105242
AC/IRRA,0.003934327100859614
