feature,importance
DC_CLEAN,0.003929858796108077
IRRADIATION_CLEAN,0.01430656943574593
AC/IRRA,0.0033703610321698108
