feature,importance
DC_CLEAN,0.0011370096645821892
IRRADIATION_CLEAN,0.011817054630484769
AC/IRRA,-0.002229863614034877
