feature,importance
DC_CLEAN,6.609343323604744e-05
IRRADIATION_CLEAN,0.0034355186414338768
AC/IRRA,-0.0016508088773167229
