feature,importance
DC_CLEAN,-0.00055696824896867
IRRADIATION_CLEAN,0.012411483498223186
AC/IRRA,-0.003337104072398289
