feature,importance
DC_CLEAN,0.0005554734320247778
IRRADIATION_CLEAN,0.0055817405011026056
AC/IRRA,0.0005554734320247778
