feature,importance
DC_CLEAN,-0.000563914073347993
IRRADIATION_CLEAN,0.009229194979614719
AC/IRRA,0.0011428571428572232
