feature,importance
DC_CLEAN,0.002888252148997128
IRRADIATION_CLEAN,0.009464788732394314
AC/IRRA,0.0034416475972539606
