feature,importance
DC_CLEAN,0.0011061188836499758
IRRADIATION_CLEAN,0.009327753831143815
AC/IRRA,0.0011061188836499758
