feature,importance
DC_CLEAN,0.003934275670938514
IRRADIATION_CLEAN,0.009921233450645217
AC/IRRA,0.003934275670938514
