feature,importance
DC_CLEAN,0.0
IRRADIATION_CLEAN,0.0010702947845805388
AC/IRRA,-9.132420091373383e-06
