feature,importance
DC_CLEAN,-0.0027821854465807094
IRRADIATION_CLEAN,-0.0021940752167990407
AC/IRRA,-0.003358509179957503
