feature,importance
AC_CLEAN,0.0
DC_CLEAN,0.0
DAILY_YIELD_CLEAN,-0.0010762007648419392
TOTAL_YIELD_CLEAN,-0.002201693167768193
AMBIENT_TEMPERATURE,-0.0055597820499639905
MODULE_TEMPERATURE,0.0005488788943777134
IRRADIATION_CLEAN,0.012812933582674768
DC/IRRA,0.0
AC/IRRA,0.0
