feature,importance
DC_CLEAN,0.0005665334094803187
IRRADIATION_CLEAN,0.009045454545454579
AC/IRRA,0.0034678899082568604
