feature,importance
TOTAL_YIELD_CLEAN,-0.004443473964250155
AMBIENT_TEMPERATURE,-0.008371814804215005
IRRADIATION_CLEAN,0.025025754199335393
