feature,importance
TOTAL_YIELD_CLEAN,-0.0011376564277588708
AMBIENT_TEMPERATURE,-0.009055693098304451
IRRADIATION_CLEAN,0.025465142678492314
