feature,importance
TOTAL_YIELD_CLEAN,-0.0016365493881471682
AMBIENT_TEMPERATURE,-0.008987410045724231
IRRADIATION_CLEAN,0.024966249718104017
