feature,importance
DC_CLEAN,0.0005665334094803187
IRRADIATION_CLEAN,0.019624309392265227
AC/IRRA,0.0016755833807626797
