feature,importance
TOTAL_YIELD_CLEAN,-0.0010796127324650406
AMBIENT_TEMPERATURE,-0.009006802721088447
IRRADIATION_CLEAN,0.025523186373786144
