feature,importance
DC_CLEAN,0.003334109477294289
IRRADIATION_CLEAN,0.01478481479074556
AC/IRRA,0.0027943678889592594
