feature,importance
DC_CLEAN,-0.00228169788111543
IRRADIATION_CLEAN,0.0005755752858904728
AC/IRRA,1.6730112400664687e-05
