feature,importance
AC_CLEAN,0.0
DC_CLEAN,0.0
DAILY_YIELD_CLEAN,0.000597336341378929
TOTAL_YIELD_CLEAN,-0.0005755226385028012
AMBIENT_TEMPERATURE,0.0016187623478426394
MODULE_TEMPERATURE,0.003248767095429317
IRRADIATION_CLEAN,0.0065365107193707805
DC/IRRA,0.0
AC/IRRA,0.0
