feature,importance
AC_CLEAN,0.0005501133700918093
DC_CLEAN,0.0
DAILY_YIELD_CLEAN,0.001724321285872743
TOTAL_YIELD_CLEAN,0.001099608982328304
AMBIENT_TEMPERATURE,-0.002739510491728825
MODULE_TEMPERATURE,0.0005501133700918093
IRRADIATION_CLEAN,0.011316970413405625
DC/IRRA,0.0
AC/IRRA,0.0
