feature,importance
AC_CLEAN,-0.000548277327726443
DC_CLEAN,-0.000548277327726443
DAILY_YIELD_CLEAN,0.0027321924967477207
TOTAL_YIELD_CLEAN,-0.0010971700059890788
AMBIENT_TEMPERATURE,-0.0033418389173246466
MODULE_TEMPERATURE,-0.0016233234270273122
IRRADIATION_CLEAN,0.0037623193474649597
DC/IRRA,0.0
AC/IRRA,-0.000548277327726443
