feature,importance
DC_CLEAN,0.0017303289921981602
IRRADIATION_CLEAN,0.006663800719903024
AC/IRRA,0.0027788404622011154
