feature,importance
TOTAL_YIELD_CLEAN,-0.0005782169550305749
AMBIENT_TEMPERATURE,-0.008496253625576156
IRRADIATION_CLEAN,0.02602458215122061
