feature,importance
DC_CLEAN,-0.0005421624444589268
IRRADIATION_CLEAN,0.0
AC/IRRA,0.0005749136185870807
