feature,importance
AC_CLEAN,0.0
DC_CLEAN,0.0
DAILY_YIELD_CLEAN,-0.0032773805195329686
TOTAL_YIELD_CLEAN,2.5164449678705125e-05
AMBIENT_TEMPERATURE,0.007137872993880134
MODULE_TEMPERATURE,0.0038207980610577286
IRRADIATION_CLEAN,0.015913634153409406
DC/IRRA,0.0
AC/IRRA,0.0
