feature,importance
DC_CLEAN,0.000545677510458753
IRRADIATION_CLEAN,0.02078463785375506
AC/IRRA,-0.0005854617511377169
