feature,importance
AC_CLEAN,0.0
DC_CLEAN,0.0
DAILY_YIELD_CLEAN,-0.01607906329353892
TOTAL_YIELD_CLEAN,-0.0005697953778539544
AMBIENT_TEMPERATURE,-0.00011267673891712793
MODULE_TEMPERATURE,0.00045580370861775243
IRRADIATION_CLEAN,0.0005704239441836068
DC/IRRA,0.0
AC/IRRA,0.0
