feature,importance
DC_CLEAN,-0.003348713258391478
IRRADIATION_CLEAN,0.006072707691777035
AC/IRRA,-0.0027926224981136283
