feature,importance
DC_CLEAN,0.0011200762771294004
IRRADIATION_CLEAN,0.00998321363942356
AC/IRRA,0.0011200762771294004
