feature,importance
AC_CLEAN,0.0005976013561685978
DC_CLEAN,2.280120390363294e-05
DAILY_YIELD_CLEAN,-0.003279143274511398
TOTAL_YIELD_CLEAN,0.0
AMBIENT_TEMPERATURE,0.013250608912765638
MODULE_TEMPERATURE,0.007499478769371404
IRRADIATION_CLEAN,0.010223445061057213
DC/IRRA,0.000574140387769484
AC/IRRA,0.0
