plant,version,inverter,precision,recall,f1
Plant2,v1,LYwnQax7tkwH5Cb,0.985244040862656,0.985244040862656,0.985244040862656
