plant,version,inverter,precision,recall,f1
Plant2,v1,PeE6FRyGXUgsRhN,0.9389067524115756,0.9943246311010215,0.9658213891951488
