plant,version,inverter,precision,recall,f1
Plant2,v2,81aHJ1q11NBPMrL,0.9977037887485649,0.9863791146424518,0.9920091324200914
