plant,version,inverter,precision,recall,f1
Plant2,v2,IQ2d7wF4YD8zU1Q,0.984144960362401,0.9863791146424518,0.9852607709750567
