plant,version,inverter,precision,recall,f1
Plant1,v2,xMbIugepa2P7lBB,0.9775280898876404,0.9875141884222475,0.9824957651044608
