plant,version,inverter,precision,recall,f1
Plant1,v1,1IF53ai7Xc0U56Y,0.9882075471698113,1.0,0.9940688018979834
