plant,version,inverter,precision,recall,f1
Plant2,v2,NgDl19wMapZy17u,0.9765886287625418,0.9943246311010215,0.9853768278965129
