plant,version,inverter,precision,recall,f1
Plant2,v1,9kRcWv60rDACzjR,0.9491891891891892,0.996594778660613,0.9723145071982281
