plant,version,inverter,precision,recall,f1
Plant2,v1,mqwcsP2rE7J0TFp,0.9711751662971175,0.9943246311010215,0.9826135726303982
