plant,version,inverter,precision,recall,f1
Plant1,v2,oZ35aAeoifZaQzV,0.9818799546998868,0.9841089670828603,0.9829931972789115
