plant,version,inverter,precision,recall,f1
Plant2,v2,oZ35aAeoifZaQzV,0.9875283446712018,0.9886492622020431,0.9880884855360181
