plant,version,inverter,precision,recall,f1
Plant2,v1,Et9kgGMDl729KT4,0.9775280898876404,0.9875141884222475,0.9824957651044608
