plant,version,inverter,precision,recall,f1
Plant2,v2,LYwnQax7tkwH5Cb,0.9977011494252873,0.985244040862656,0.9914334665905197
