plant,version,inverter,precision,recall,f1
Plant1,v2,LlT2YUhhzqhg5Sw,0.9851936218678815,0.981838819523269,0.9835133598635588
