plant,version,inverter,precision,recall,f1
Plant2,v2,Qf4GUc1pJu5T6c6,0.9931506849315068,0.9875141884222475,0.9903244166192373
