plant,version,inverter,precision,recall,f1
Plant1,v2,mqwcsP2rE7J0TFp,0.9775280898876404,0.9875141884222475,0.9824957651044608
