plant,version,inverter,precision,recall,f1
Plant2,v1,IQ2d7wF4YD8zU1Q,0.9679203539823009,0.9931895573212258,0.9803921568627451
