plant,version,inverter,precision,recall,f1
Plant2,v2,mqwcsP2rE7J0TFp,0.9820627802690582,0.9943246311010215,0.988155668358714
