plant,version,inverter,precision,recall,f1
Plant1,v1,1BY6WEcLGh8j5v7,0.9882075471698113,1.0,0.9940688018979834
