plant,version,inverter,precision,recall,f1
Plant2,v1,rrq4fwE8jgrTyWY,0.9785794813979707,0.985244040862656,0.9819004524886877
