plant,version,inverter,precision,recall,f1
Plant2,v1,NgDl19wMapZy17u,0.9679558011049724,0.9943246311010215,0.9809630459126539
