plant,version,inverter,precision,recall,f1
Plant2,v2,Et9kgGMDl729KT4,0.9808342728297632,0.9875141884222475,0.9841628959276018
