plant,version,inverter,precision,recall,f1
Plant1,v2,WcxssY2VbP4hApt,0.9852104664391353,0.9829738933030647,0.9840909090909091
