plant,version,inverter,precision,recall,f1
Plant1,v2,4UPUqMRk7TRMgml,0.9807692307692307,0.9841089670828603,0.9824362606232294
