plant,version,inverter,precision,recall,f1
Plant2,v2,rrq4fwE8jgrTyWY,0.9988479262672811,0.9841089670828603,0.9914236706689536
