plant,version,inverter,precision,recall,f1
Plant2,v2,Mx2yZCDsyf6DPfv,0.9886363636363636,0.9875141884222475,0.9880749574105622
