plant,version,inverter,precision,recall,f1
Plant2,v1,oZZkBaNadn6DNKz,0.9439050701186623,0.9931895573212258,0.9679203539823009
