plant,version,inverter,precision,recall,f1
Plant1,v2,Et9kgGMDl729KT4,0.9863013698630136,0.9807037457434733,0.983494593056346
