plant,version,inverter,precision,recall,f1
Plant1,v2,Quc1TzYxW2pYoWX,0.9851767388825542,0.9807037457434733,0.9829351535836177
