plant,version,inverter,precision,recall,f1
Plant2,v1,xoJJ8DcxJEcupym,0.9710144927536232,0.9886492622020431,0.9797525309336333
