plant,version,inverter,precision,recall,f1
Plant2,v1,xMbIugepa2P7lBB,0.9563318777292577,0.9943246311010215,0.9749582637729549
