plant,version,inverter,precision,recall,f1
Plant2,v1,81aHJ1q11NBPMrL,0.9863013698630136,0.9807037457434733,0.983494593056346
