plant,version,inverter,precision,recall,f1
Plant2,v1,Quc1TzYxW2pYoWX,0.9429494079655544,0.9943246311010215,0.9679558011049724
