plant,version,inverter,precision,recall,f1
Plant2,v2,4UPUqMRk7TRMgml,0.994279176201373,0.9863791146424518,0.9903133903133903
