plant,version,inverter,precision,recall,f1
Plant2,v2,V94E5Ben1TlhnDV,0.9930955120828538,0.9795686719636776,0.9862857142857143
