plant,version,inverter,precision,recall,f1
Plant2,v2,9kRcWv60rDACzjR,0.9942857142857143,0.9875141884222475,0.9908883826879271
