plant,version,inverter,precision,recall,f1
Plant2,v1,oZ35aAeoifZaQzV,0.9656699889258029,0.9897843359818388,0.9775784753363229
