plant,version,inverter,precision,recall,f1
Plant2,v1,q49J1IKaHRwDQnt,0.9720982142857143,0.9886492622020431,0.9803038829487901
