plant,version,inverter,precision,recall,f1
Plant2,v1,WcxssY2VbP4hApt,0.9863636363636363,0.985244040862656,0.9858035207268597
