plant,version,inverter,precision,recall,f1
Plant2,v1,LlT2YUhhzqhg5Sw,0.9699331848552338,0.9886492622020431,0.9792017987633502
