plant,version,inverter,precision,recall,f1
Plant2,v1,Qf4GUc1pJu5T6c6,0.9677777777777777,0.9886492622020431,0.9781021897810219
