plant,version,inverter,precision,recall,f1
Plant2,v1,V94E5Ben1TlhnDV,0.9510869565217391,0.9931895573212258,0.971682398667407
