plant,version,inverter,precision,recall,f1
Plant2,v2,Quc1TzYxW2pYoWX,0.989749430523918,0.9863791146424518,0.9880613985218875
