plant,version,inverter,precision,recall,f1
Plant2,v2,xMbIugepa2P7lBB,0.9830508474576272,0.9875141884222475,0.9852774631936579
